rental_id,predictions
7428577,2343.7833333333338
7454944,2517.8375
7473595,2665.4562499999997
7490488,2336.54375
7460896,3269.541666666667
7479988,2267.114583333333
7496308,4939.460416666667
7468621,2890.9270833333335
7430797,3524.3520833333337
7440397,4533.799999999999
7460575,3106.4708333333338
7516792,3485.0520833333335
7464880,3171.764583333333
7461787,2330.125
7444351,3795.0729166666665
7438162,7923.80625
7519777,2172.53125
7459570,3302.560416666667
7443688,2076.4083333333333
7483843,2653.0604166666667
7429615,2778.25
7513213,4000.7125
7521061,3021.5666666666666
7524166,4101.391666666667
7476664,3272.1479166666663
7505905,2578.3687499999996
7471858,4156.310416666666
7438210,2522.225
7469329,2616.81875
7497715,1927.0874999999996
7525612,5755.479166666666
7506082,2881.0291666666662
7518844,7106.539583333334
7487068,2407.3687499999996
7506070,3586.652083333333
7506982,2005.7645833333336
7525636,3448.9833333333327
7438000,2093.041666666667
7474420,5255.58125
7501327,3061.38125
7511602,3891.527083333333
7511695,3095.7291666666674
7489489,4254.579166666667
7504576,2511.0020833333338
7473469,2728.1375
7440115,3579.95
7488367,2665.525
7488583,2937.3416666666662
7490770,4814.429166666667
7485796,3532.5208333333335
7453882,22709.85833333333
7511338,2685.0625
7477789,2452.5375
7487923,2446.25
7428727,2642.65
7450042,2273.825
7467187,1757.2770833333332
7506097,2881.483333333333
7491934,2533.40625
7525975,1950.6979166666667
7440988,2208.491666666667
7484119,3374.343749999999
7524019,4008.45
7481239,4095.5499999999993
7506925,3584.533333333334
7437361,2404.9875
7467931,11555.183333333332
7502617,2628.75
7451377,3227.104166666667
7466254,6741.622916666665
7451821,3187.266666666667
7471615,2715.0166666666664
7456258,2252.74375
7498273,1937.5
7445536,3693.2895833333328
7456645,7488.737500000001
7457617,2303.4125
7461331,2629.075
7497193,2438.7666666666664
7486321,2554.6625
7517539,3085.3979166666663
7493233,3741.9625000000005
7461916,3345.8791666666666
7446025,2164.46875
7483837,2215.0979166666666
7494448,1556.4979166666667
7439092,2380.9520833333336
7517530,3250.80625
7500637,2736.7166666666662
7463473,7138.404166666665
7503820,2518.78125
7524190,2463.8875
7459609,4171.166666666666
7479592,1624.1666666666663
7474213,1447.0312499999998
7499800,2252.791666666667
7516108,2219.4312499999996
7468903,1930.04375
7486561,2523.3062499999996
7473241,1935.5416666666667
7475488,2744.997916666667
7474624,1559.8375
7503712,4939.460416666667
7495702,2058.885416666667
7468450,5786.781250000002
7483867,2690.608333333333
7441468,6406.564583333334
7502176,2642.3
7517236,2447.2520833333338
7485220,3260.7750000000005
7462309,4004.4458333333328
7430926,6339.6729166666655
7490167,2300.8583333333336
7523230,3268.952083333333
7505536,2274.0395833333337
7504156,2105.5
7510546,1712.9958333333336
7428880,2312.25
7444117,2129.0354166666666
7491079,2353.7479166666667
7457983,1937.5
7503160,9221.604166666668
7485004,2135.710416666667
7440010,2306.0333333333324
7498330,2544.9583333333335
7506850,4309.05
7467988,1912.7
7498228,2438.9437499999995
7521424,2035.3937499999997
7478776,20634.458333333336
7521232,1922.8916666666669
7506694,1592.6645833333334
7483258,2127.4354166666667
7455172,2574.489583333334
7428247,3894.4208333333336
7429606,7261.85625
7499368,3001.025
7485442,3532.097916666667
7449307,3367.9958333333334
7495336,1800.3395833333332
7489342,3748.3125
7506037,2978.1083333333345
7441156,3471.4625
7469758,2348.075
7525351,2132.34375
7454731,4240.197916666666
7480498,2550.7666666666664
7513975,1969.520833333334
7456432,2694.774583333333
7468624,3614.010416666667
7500886,1670.9116666666664
7517695,2188.7395833333335
7436128,1679.7145833333336
7442881,2860.80625
7464016,1913.9187499999996
7436413,10108.602083333333
7497094,2365.35
7524859,6491.35625
7466182,2207.70625
7517596,7433.925
7431175,2480.6979166666665
7428631,3164.9437499999995
7429102,6627.779166666665
7459060,5121.589583333333
7505986,4562.08125
7460566,2777.1875
7525252,2015.5
7430389,3059.9166666666665
7477387,2772.95625
7454431,3499.25625
7523605,1606.6770833333335
7431205,1936.3104166666665
7497907,2578.3708333333334
7519738,8522.489583333334
7481059,2309.7208333333338
7465300,3262.077083333334
7521154,3004.739583333333
7480990,2097.9874999999997
7469551,1898.7083333333335
7484389,2683.93125
7485268,1646.9291666666663
7490743,16742.027083333334
7480630,13511.929166666669
7505626,4100.05
7477417,2615.85625
7486360,2657.43125
7501990,3557.375
7444468,2239.6562499999995
7473592,5373.333333333333
7444156,3725.916666666667
7514584,1983.4104166666668
7500697,2173.197916666667
7482568,2222.29375
7511554,5021.087500000001
7459579,5424.8583333333345
7440304,5080.66875
7489840,2895.250000000001
7467715,3131.7041666666664
7481275,2779.8020833333335
7451527,1833.4458333333337
7434337,3253.4854166666664
7446280,3480.020833333333
7432927,2604.525
7520536,3343.064583333333
7489237,3549.8145833333338
7430860,4794.45
7484665,3390.3291666666664
7463815,6093.1625
7515901,3909.9625
7468609,20721.760416666664
7484875,1766.0270833333336
7466260,3134.3562500000003
7506643,3046.76875
7511620,4953.685416666667
7481272,2358.9375
7491985,1559.1916666666666
7433899,5362.039583333333
7496254,2306.30625
7504741,2385.7645833333327
7463818,3346.3333333333335
7492828,2648.6312500000004
7523680,5581.545833333334
7480429,2544.3208333333337
7496350,4685.610416666666
7526059,3344.395833333333
7430443,2121.9687500000005
7438393,2788.4770833333337
7464805,22714.26458333333
7437700,3627.4291666666663
7519870,5198.775
7472683,2130.4354166666667
7438453,3453.4458333333328
7465738,2886.6791666666663
7521610,2261.2604166666665
7451200,2360.391666666667
7476145,3347.3541666666665
7430365,4096.445833333333
7501573,8209.6125
7516123,3892.3770833333338
7487263,2282.1229166666662
7510885,2381.072916666667
7523347,2318.5916666666667
7501813,2082.39375
7506715,1672.5333333333335
7434343,2458.5625
7469653,1985.3020833333333
7443052,3532.3604166666673
7506202,3391.6229166666662
7430794,3821.7708333333335
7491883,5070.164583333333
7453213,1643.25
7430731,2833.1187499999996
7451905,2976.0916666666667
7490137,2559.3999999999987
7521421,3804.5270833333334
7488496,2886.677083333334
7481809,5664.1604166666675
7448449,2890.3729166666667
7465618,3533.7125
7512412,3572.0083333333328
7524505,2329.6000000000013
7495768,2512.1375000000003
7453684,8899.533333333335
7469908,4861.460416666666
7469104,3077.5604166666667
7443169,5689.70625
7488802,10577.724999999999
7444357,2532.1875
7506523,4003.70625
7455640,2199.75
7459246,4014.9708333333338
7441621,2887.5708333333328
7491427,4134.825
7448578,2861.37875
7491358,2810.3875
7445896,3573.2354166666673
7483549,16103.041666666666
7485187,2258.958333333333
7434931,2799.25
7508467,3004.70625
7458007,2820.516666666667
7518313,1904.0625
7466752,3528.7791666666662
7447399,2624.9270833333335
7486099,3289.86875
7467226,3727.15625
7441057,2431.7979166666673
7479199,2409.9000000000005
7432009,18113.135416666668
7449097,3781.622916666668
7503670,3750.3645833333335
7506463,3003.789583333333
7506022,3226.7749999999996
7462528,3715.6645833333328
7523482,3039.6958333333337
7479346,2394.1979166666665
7451539,11179.1625
7504639,2936.541666666667
7453471,3912.8645833333335
7516201,7767.522916666667
7511563,5075.608333333334
7516087,4040.4541666666673
7438609,2331.33125
7509514,2618.4208333333336
7457035,1858.3333333333335
7502713,5225.872916666666
7436626,3591.83125
7451545,3578.0916666666662
7512487,4681.106249999999
7455064,2912.166666666667
7503673,3036.1520833333334
7437424,5829.485416666666
7503118,2717.0458333333336
7455013,1788.68125
7453801,1744.5520833333333
7467190,1757.2770833333332
7489513,2630.8770833333338
7481515,3329.4145833333328
7504852,2015.5
7503688,3941.7895833333337
7471930,2863.7708333333335
7492540,4371.8625
7446763,2646.78125
7451242,3523.02380952381
7440916,5574.333333333333
7499485,2485.858333333333
7498807,2400.697916666667
7488217,2715.964583333333
7450612,3432.9854166666664
7505485,3597.064583333333
7441717,3659.3229166666665
7447960,5438.502083333334
7446898,3948.527083333333
7509763,5980.724999999999
7506418,2778.4958333333334
7481398,2200.552083333333
7494310,5611.475
7428484,3322.13125
7485229,2459.6583333333333
7492177,5228.939583333333
7434235,4574.70625
7481242,3089.675
7465231,6073.702083333333
7455649,4576.937499999999
7430899,4391.666666666666
7499911,3080.2562500000004
7495720,1841.9541666666669
7462798,1640.8020833333335
7468360,2301.0875
7453732,1773.425
7505185,2119.1125
7492786,2628.395833333333
7495537,1556.1083333333331
7475926,2247.58125
7482049,4023.725
7458076,2754.4708333333338
7518433,2505.96875
7463215,3499.614583333333
7495039,3296.239583333333
7442767,1887.0729166666665
7503790,3102.052083333333
7462387,1722.3729166666667
7506670,6235.587500000001
7483903,2007.5458333333331
7440307,5159.16875
7499572,2138.0208333333335
7438501,2980.6270833333338
7435969,7038.489583333334
7451860,3966.09375
7487680,2124.789583333333
7475611,6933.320833333333
7513045,1589.71875
7458271,2272.5416666666665
7507129,3142.052083333333
7487587,5442.85625
7517776,2671.9020833333334
7520698,1724.4416666666664
7482925,2542.30625
7450108,4352.927083333333
7495330,1670.1291666666668
7482664,2643.1479166666663
7495843,2051.3270833333327
7484461,2431.9291666666663
7525231,3094.6583333333333
7466548,3350.4333333333334
7524079,2881.25625
7485391,1859.28125
7489366,2979.6270833333333
7483321,2696.366666666667
7438264,2816.33125
7505830,4633.847916666667
7444573,2812.25
7438693,2056.170833333333
7441861,1451.4895833333333
7431412,3422.3791666666666
7476130,3643.7874999999995
7505080,1867.535416666667
7459855,3648.64375
7490368,3703.1782738095235
7441873,3343.275
7461049,13035.05625
7436494,1874.1958333333332
7451128,5096.758333333333
7494022,3347.91875
7494850,2337.489583333333
7469671,2279.172916666667
7503325,3273.7750000000005
7490560,3009.1375
7506628,3090.1916666666666
7524448,1911.0604166666667
7458874,2624.583333333333
7503196,3403.55625
7441354,4075.2979166666673
7441531,4740.666666666666
7474801,2459.729166666667
7431943,1998.2833333333333
7479529,3679.4770833333328
7442212,3083.9333333333334
7465861,2624.75
7469461,3325.18125
7450090,2690.9416666666666
7463833,4973.39375
7516711,4326.325
7474546,2333.98125
7518256,2743.14375
7432630,2400.0958333333333
7465411,2977.4291666666663
7453057,1992.0875
7437649,2884.977083333333
7437931,2931.05
7298476,2102.5895833333334
7466725,2044.5520833333333
7431604,3816.7791666666662
7478692,1771.4520833333336
7494874,13380.72291666667
7482454,4378.087500000001
7475650,17941.708333333332
7470991,2258.958333333333
7431661,3490.25625
7480114,1906.5375
7485472,5684.63125
7430785,3592.30625
7516417,3427.5395833333337
7483036,2292.602083333333
7518025,1363.9395833333335
7467679,2632.2375
7511302,2779.920833333333
7495759,3458.075
7438309,3258.4520833333327
7501108,1948.6354166666667
7466134,2282.8187499999995
7446985,3223.0062500000004
7508881,3630.5729166666665
7463566,1687.65
7445395,2195.3166666666666
7460221,3832.2354166666673
7509889,3171.4833333333327
7456264,5210.141666666667
7437478,2628.75
7520158,3751.1166666666672
7461613,5152.070833333333
7502317,2224.5958333333333
7437094,2274.1666666666674
7484572,4502.529166666666
7449859,2199.85
7502923,3059.9166666666665
7445047,1630.6604166666666
7478701,4664.672916666666
7471828,1782.9375
7508383,2463.7125000000005
7488553,2677.3979166666663
7457866,2317.014583333333
7443562,1813.93125
7508233,2365.635416666667
7432651,2246.2916666666665
7437823,4214.7354166666655
7481053,2951.23125
7488424,4492.358333333334
7494367,2402.43125
7510942,1771.85
7472830,2736.6895833333338
7489654,2066.9895833333335
7479892,13148.385416666668
7496686,3120.8708333333334
7464052,3620.4104166666666
7431970,3827.2979166666664
7474489,4228.554166666667
7431262,2356.3125
7482400,4053.177083333333
7443913,2765.5916666666667
7454446,2842.35625
7524568,2812.83125
7488040,3241.2125
7441543,2510.15
7510087,1691.2708333333335
7431532,2964.6250000000005
7447099,2595.76875
7500835,2656.060416666666
7497013,13175.641666666668
7502644,3219.1187499999996
7502803,1969.0
7497628,2737.3854166666665
7509799,2569.4999999999995
7490476,6296.1208333333325
7453006,4084.4625
7474171,3224.3687499999996
7520497,2510.7791666666667
7431895,11021.402083333334
7465762,2848.6166666666663
7472821,2854.7625
7461832,1763.89375
7492915,2979.9416666666666
7431832,4753.927083333334
7460629,3173.9229166666664
7437616,2039.8999999999996
7517854,3602.25
7498297,1556.4979166666667
7524616,4192.072916666666
7483798,4594.7854166666675
7487173,2488.385416666667
7457623,3438.1833333333334
7467712,3736.4291666666663
7524154,4516.895833333333
7464856,3236.241666666667
7450003,2221.0
7459888,5347.914583333333
7513705,2869.6916666666666
7483189,3676.9479166666665
7450831,2417.654166666667
7488343,2135.31875
7513033,1861.2958333333336
7443775,2601.4916666666663
7465807,3859.997916666667
7459699,5098.570833333333
7488766,2212.577083333333
7499272,3119.3250000000003
7512205,3424.6083333333336
7511704,2278.427083333333
7475419,2739.277083333333
7430659,5255.3375
7488436,2528.6333333333337
7455118,3225.1208333333334
7508413,3260.589583333333
7488712,3036.358333333334
7513663,2291.1625
7451935,4158.008333333333
7450066,2612.9875
7487524,1576.0604166666665
7470241,1836.78125
7489987,1886.33125
7508275,4350.55625
7435963,5046.079166666666
7464331,1647.1770833333328
7452970,3482.052083333333
7435009,1961.4958333333336
7455208,3302.314583333334
7503340,4796.15
7489150,2280.579166666667
7517791,2246.383333333333
7454344,4747.88125
7436206,2950.4833333333336
7455316,2160.354166666667
7496965,2678.645833333333
7484992,2188.4708333333338
7525333,2148.56875
7526398,8489.739583333332
7494220,2183.5354166666666
7454044,1813.1875
7448725,1875.0229166666668
7469815,2310.179166666667
7487419,4733.829166666667
7499857,1518.9270833333335
7433902,6960.525
7449094,5484.510416666666
7481782,2883.3
7433338,1430.0062500000004
7505899,3448.9833333333327
7491745,2564.0416666666665
7456171,4106.51875
7464358,4025.158333333333
7511203,3247.5354166666666
7453843,1549.0729166666667
7457971,1931.9374999999995
7460386,2691.614583333333
7434454,4190.904166666666
7526455,2494.0541666666677
7434997,1651.75625
7463929,1800.1229166666667
7469284,1881.8571428571436
7514968,2751.3520833333337
7502809,3664.589583333333
7448119,3189.1416666666673
7506568,3966.3354166666672
7513207,5155.50625
7443994,3153.5125
7503154,2672.73125
7502134,2424.7229166666666
7429066,4167.383333333333
7517113,30193.09375
7525606,4188.983333333333
7503826,3072.0916666666662
7481380,2677.7
7514311,1722.04375
7511095,4055.1791666666672
7494559,2433.8833333333328
7479478,3468.4229166666664
7460905,3191.26875
7490032,2498.4187500000007
7446121,9203.110416666666
7517851,2445.7750000000005
7489849,3285.564583333334
7517920,10964.114583333332
7469107,3709.16875
7488700,1839.0375
7470010,2376.425
7508464,2324.8229166666665
7436320,2779.8020833333335
7462516,4693.5791666666655
7519483,1931.204166666666
7474372,2631.4354166666662
7509484,5617.835416666667
7449409,2223.7770833333334
7479307,2467.8875000000003
7512970,2698.0354166666666
7455718,4212.13125
7495477,2202.625
7444066,2279.2479166666662
7432948,3164.020833333333
7473829,4093.8479166666666
7507822,3361.9125
7506841,1890.7229166666664
7464010,3135.350000000001
7510516,1757.0416666666667
7502878,2969.9937499999996
7430344,2830.102083333333
7451071,2232.4041666666667
7495351,3309.88125
7473205,2020.79375
7456828,3855.675
7525948,1697.0604166666667
7434664,2237.0687500000004
7458628,2639.4270833333335
7442302,1942.29375
7437409,2783.2812500000005
7509910,4972.374999999999
7464316,2503.208333333333
7476328,4246.7125
7498618,3585.7916666666665
7477681,2349.0354166666666
7447999,4083.8208333333337
7488613,6100.45
7464937,3330.0541666666663
7442950,3570.2708333333335
7526164,4560.033333333335
7460059,3664.0020833333338
7481872,1565.2916666666665
7451911,3333.214583333333
7431586,2586.385416666666
7466263,6307.552083333334
7437430,7579.085416666667
7428493,3076.8645833333335
7469716,2602.975
7475278,2674.8729166666662
7500706,2365.7812499999995
7471621,4554.864583333334
7514326,6704.247916666665
7436317,2645.3708333333334
7473850,4374.072916666666
7448644,2798.945833333333
7471735,3611.2541666666666
7480759,3158.1749999999997
7499509,2796.816666666666
7457200,5340.533333333333
7489336,5634.38125
7433680,3669.7479166666662
7514923,1964.0104166666665
7443076,3493.583333333333
7446193,3532.3958333333335
7496026,2199.9249999999997
7501915,5918.229166666667
7493797,3767.6729166666664
7460512,2348.7479166666667
7495612,3869.5291666666662
7439284,3234.760416666666
7511656,4676.672916666666
7439332,2107.460416666667
7459297,1757.2770833333332
7487509,3255.983333333333
7503007,2897.604166666667
7508722,2143.524999999999
7487200,3463.9770833333337
7439572,6364.189583333333
7490041,2440.4875
7484677,2041.4583333333333
7464898,1986.920833333333
7468753,1681.5604166666665
7466311,1937.5
7451239,3133.6270833333333
7514272,1771.4520833333336
7474990,1576.1833333333334
7492450,1954.6833333333332
7439191,3466.80625
7479742,1783.525
7428667,2766.0416666666665
7456336,2533.633333333333
7436776,2939.458333333333
7525033,2732.395833333333
7451392,2459.729166666667
7494196,2187.0791666666664
7501267,3250.164583333333
7479151,2131.9791666666665
7481236,2589.729166666667
7493104,2778.0125
7480957,1703.6666666666665
7483960,2469.8729166666662
7439215,1920.5875
7506133,3405.5833333333335
7511851,2887.5708333333328
7470196,2482.302083333333
7479850,1496.9791666666665
7521985,7411.541666666667
7472722,4340.216666666666
7428790,4981.34375
7454113,5050.6916666666675
7437301,2591.375
7428718,2529.989583333333
7447792,12377.520833333332
7505071,3012.008333333333
7436692,1582.29375
7473661,2259.5750000000003
7507096,2459.729166666667
7449217,3872.379166666667
7457209,1554.0541666666668
7477675,2384.5916666666662
7461907,1853.7708333333333
7471456,5717.185416666667
7514680,4189.397916666667
7460131,10832.629166666668
7438990,2291.8708333333334
7481143,2555.820833333334
7517230,4565.781250000001
7522882,1817.8583333333331
7494493,2773.975
7436539,2055.9645833333334
7458742,2392.5416666666665
7495975,1767.4041666666665
7471558,5786.060416666665
7490278,2295.3458333333338
7509847,5721.768750000001
7444282,3523.8208333333337
7472158,3032.260416666667
7517383,2027.9104166666668
7439446,1984.1041666666665
7505236,2214.31875
7515946,2280.1062500000003
7490518,2054.1187500000005
7498633,4113.929166666667
7492513,3309.88125
7504414,2516.6416666666664
7517992,2602.6895833333333
7460782,1720.2562500000004
7483453,4324.335416666667
7456657,1744.79375
7444918,2427.6125
7454584,1514.15625
7498222,2108.75
7469065,3156.3729166666662
7492093,2254.8708333333334
7437673,2507.1875000000005
7494295,1971.5875
7466065,3598.1
7434916,4378.666666666666
7495621,10722.48125
7455538,1784.7291666666667
7458337,2786.835416666667
7503040,2197.6833333333334
7483762,4617.947916666666
7514833,3391.439583333333
7525966,2047.86875
7516093,1771.9291666666668
7483975,3581.8208333333337
7509619,3988.3541666666665
7481215,4862.508333333333
7466656,1727.03125
7511098,2156.4687500000005
7461190,3694.339583333333
7450963,3384.73125
7526080,2828.3229166666665
7469845,5145.402083333333
7490203,2872.9916666666663
7438792,4149.108333333334
7497367,2451.0666666666666
7512196,3630.8208333333328
7497751,2999.889583333333
7449499,1842.90625
7464883,6235.2875
7458550,2918.835416666667
7474684,2503.8708333333334
7495996,2273.825
7468909,4293.75625
7444867,2401.702083333333
7504729,2396.2208333333338
7460506,2944.5645833333338
7429426,3421.8208333333328
7443919,6670.285416666668
7502026,1677.6
7454080,2682.2749999999996
7507282,3669.754166666667
7469314,2453.614583333334
7457614,2432.5041666666666
7508032,4305.252083333332
7481227,1569.9270833333335
7508851,3196.229166666667
7487347,4512.089583333333
7456630,5053.650000000001
7498663,2831.8104166666662
7480618,2763.8708333333334
7429972,3012.5416666666665
7437943,13813.727083333331
7490734,3607.520833333333
7482613,2324.1833333333325
7500235,4849.627083333334
7476610,1444.2416666666668
7439746,3136.36875
7510735,2733.0645833333324
7519882,2461.23125
7491223,2870.0
7512679,5656.904166666666
7486942,1674.599999999999
7484896,2266.389583333333
7510123,3323.70625
7455007,2510.6541666666667
7489768,1588.2395833333333
7525747,2823.56875
7429015,2156.4333333333334
7430764,3445.5229166666672
7503412,4202.98125
7500541,3210.0125000000003
7456339,2533.633333333333
7435015,2947.8770833333338
7455166,6668.04375
7456543,4195.622916666667
7441159,1625.9250000000002
7517794,2603.541666666667
7485424,4130.804166666667
7515094,2257.3916666666655
7498522,2412.5
7459639,3822.379166666667
7504315,4412.420833333334
7494760,2394.5708333333337
7430089,3381.4708333333338
7518544,2857.9208333333336
7467439,2506.4583333333335
7451143,1645.9375
7432141,2273.6020833333328
7492378,4117.312499999999
7438795,4373.739583333334
7513891,2894.1125
7511347,2105.820833333333
7430989,5252.8395833333325
7460971,6088.522916666667
7520011,6960.979166666666
7493224,2669.275
7511629,3808.281249999999
7450531,2508.542083333333
7479322,3189.716666666667
7451179,2962.48125
7522552,2310.56875
7454362,2927.96875
7511557,3907.8395833333334
7447354,2879.3770833333338
7457428,4079.55
7464889,3394.0604166666662
7432765,4500.84375
7430854,4017.006250000001
7452751,5874.160416666667
7459078,4603.702083333334
7512829,1518.2500000000002
7522702,3790.85
7463866,2897.154166666666
7440331,3480.8208333333337
7498888,6577.041666666667
7480627,4312.3708333333325
7515907,3392.7979166666664
7465435,3845.529166666666
7506646,3063.0562500000005
7470235,2398.1854166666662
7469488,2768.014583333333
7430830,6845.824999999999
7504717,1703.8437500000005
7469722,2240.9854166666664
7469332,2511.7354166666664
7517701,2061.3625
7452355,3572.0083333333328
7503025,2665.4562499999997
7467328,3061.954166666667
7479166,3593.4729166666666
7459486,4661.620833333333
7429111,5755.020833333334
7487824,6157.752083333333
7463689,2306.016666666667
7509754,3816.9291666666663
7501180,4572.204166666666
7503850,2233.3541666666665
7430470,1753.1375
7510387,3708.6291666666666
7482457,3292.6041666666665
7439626,2907.327083333333
7434409,2962.0
7461541,4036.529166666667
7511614,3770.0145833333336
7483525,5473.914583333333
7469944,3237.6895833333333
7511467,2968.1854166666662
7508698,2576.770833333333
7519993,4999.525
7478749,3292.3041666666663
7430686,2887.5708333333328
7430971,3351.4041666666662
7442158,3149.8875000000003
7450882,2296.5625000000005
7435054,1557.7208333333333
7442464,2866.61875
7492996,3134.6562500000005
7432534,5022.520833333333
7449877,2589.2583333333337
7460770,1470.5729166666665
7452097,2646.1125
7435966,8445.375
7523701,3418.770833333333
7465444,3302.2708333333335
7482493,4142.19375
7492549,3837.6041666666665
7486486,3376.81875
7495918,3294.125
7444276,3134.2916666666665
7449127,6151.81875
7468873,3703.6625
7441117,3708.7416666666663
7495129,3204.4708333333338
7483741,2117.2666666666664
7430983,3978.5520833333344
7445218,2546.964583333333
7446415,2466.8666666666663
7438072,2735.0624999999995
7489114,3201.458333333333
7485181,2525.00625
7518994,1552.3666666666666
7490344,2366.458333333333
7478002,2049.35625
7446625,31202.624999999993
7470298,8168.122916666665
7515052,2378.6875
7512637,5246.689583333335
7481593,3571.0416666666665
7481761,4663.931250000001
7485370,3532.8625
7521376,3219.91875
7500277,3658.377083333333
7476769,12424.683333333334
7526038,3774.775
7438015,2378.333333333333
7466764,2529.1145833333335
7437820,2489.4041666666662
7485433,17026.991666666665
7506100,2961.9354166666662
7517542,1874.1854166666667
7499830,2576.741666666666
7506787,3750.3645833333335
7438102,3020.045833333333
7509658,8522.060416666667
7457230,2190.197916666667
7457911,3688.962499999999
7438486,2580.6000000000013
7454089,2404.4750000000004
7440022,3287.9708333333338
7475878,3595.114583333333
7444441,3007.583333333333
7442245,2918.4791666666665
7455523,1890.8229166666667
7466113,2199.75
7447282,2552.8166666666666
7480873,2168.075
7513309,2896.5229166666663
7520560,8197.93125
7459207,1541.0499999999997
7452934,13032.710416666665
7479442,3004.70625
7479841,3157.1854166666667
7522423,1502.6291666666668
7495993,2388.5979166666666
7525783,11814.718750000002
7470685,4461.24375
7495576,3952.6312499999995
7519261,5194.56875
7487095,9021.208333333334
7525654,11021.183333333332
7462306,2593.4020833333334
7500253,30982.197916666664
7521418,8808.05
7522762,2438.08125
7455154,3234.8458333333333
7493920,5187.035416666666
7492216,3351.3208333333328
7481644,1739.5666666666668
7442209,5997.764583333332
7524031,12210.397916666667
7436758,4521.1104166666655
7501582,5518.247916666666
7499233,3649.0749999999994
7511578,5074.514583333334
7506409,2712.583333333333
7513459,3750.7687500000006
7470706,2412.3270833333336
7477069,5354.264583333333
7473055,1792.31875
7494853,2407.0395833333337
7478425,3101.6395833333336
7443874,4052.531249999999
7481113,5693.477083333333
7446409,3227.027083333333
7507483,4364.308333333333
7494466,2929.2562499999995
7504384,4345.11875
7469431,1740.1166666666663
7486495,2312.6583333333338
7482826,3964.8875
7439845,5014.85
7453606,3622.839583333333
7481317,5048.920833333332
7463485,3341.4541666666673
7478449,3739.2979166666664
7471954,1741.5416666666665
7513714,3986.1041666666665
7488667,2337.0604166666667
7442725,3670.1541666666662
7516819,1851.5416666666667
7446106,1926.5583333333332
7470688,3611.6104166666673
7500595,2936.952083333333
7491649,2562.7458333333334
7514458,10552.727083333331
7452808,1843.90625
7475587,2236.333333333333
7502350,2216.241666666667
7495288,2381.072916666667
7433377,1612.6562500000002
7499872,1994.2479166666665
7430935,3361.2291666666665
7499434,2546.1333333333337
7434697,5673.154166666668
7521037,3399.0895833333334
7520626,1932.5791666666669
7508818,4127.49375
7458823,1920.6666666666667
7492954,2000.4541666666664
7458718,3934.322916666667
7458247,4474.062499999999
7511551,4663.25
7462855,5608.6833333333325
7455400,3230.2395833333335
7499416,3669.6875
7482079,3657.9875
7492501,4091.8645833333335
7503430,1823.9270833333335
7430857,4045.8041666666672
7503901,3641.8624999999993
7428901,1738.6416666666669
7505317,3471.145833333333
7516309,5241.479166666666
7521301,2555.985416666667
7457332,8681.281250000002
7431436,1465.04375
7521898,3565.5541666666663
7453324,1467.7583333333332
7428472,3180.689583333333
7491343,2664.041666666667
7526401,2499.7833333333333
7461118,1614.1520833333336
7503472,1739.15
7514617,2210.8
7436449,2686.3520833333337
7467850,2883.1104166666673
7470505,3424.0166666666664
7487020,1467.7583333333332
7512790,1815.66875
7521523,4299.145833333334
7438645,1962.85625
7490323,15214.889583333334
7486879,3037.297916666667
7456663,2253.9166666666665
7510990,3233.8604166666664
7495309,1694.08125
7445653,2249.6416666666664
7479544,8157.9625
7525390,3160.979166666667
7466998,3036.358333333334
7500106,4118.987499999999
7430329,2541.3625
7459477,5288.435416666666
7499719,3263.6562500000005
7518784,4286.641666666667
7445014,2955.5895833333334
7442641,1596.6395833333336
7455871,2697.4333333333334
7504534,3459.2354166666664
7467232,3727.15625
7461457,3249.4
7479208,2931.7666666666664
7500274,1575.7187500000002
7517041,2494.229166666667
7519480,2936.672916666667
7493023,4049.6958333333328
7448548,3467.2678571428573
7505941,1779.6479166666663
7440610,2337.2020833333336
7512748,1736.3229166666667
7460362,2188.6625
7455934,3244.960416666667
7473352,4754.427083333334
7461976,2593.816666666667
7453597,3748.402083333333
7469770,4768.2
7483225,3799.933333333333
7499611,3468.2645833333336
7519849,2372.960416666667
7518598,3889.8229166666665
7459393,3598.995833333333
7494001,4341.014583333333
7488439,2352.2291666666665
7431166,3922.4541666666664
7459408,3140.0000000000005
7481074,2700.5354166666666
7464265,2429.885416666667
7507906,4663.083333333334
7474969,4381.277083333333
7485859,3768.4833333333327
7452238,4357.841666666666
7435537,2208.945833333333
7478794,4247.08125
7484740,3634.9791666666665
7433422,1860.9041666666667
7454242,3349.0
7480063,3530.9
7470730,1647.5541666666668
7501762,2826.4354166666667
7456909,3000.8479166666666
7437919,1643.25
7518166,2633.3333333333335
7432408,2467.3104166666667
7513159,5805.862499999999
7495807,3771.9458333333337
7476121,1437.5500000000002
7437838,1846.5604166666665
7482211,1973.4166666666665
7446298,1551.1291666666668
7431898,4098.610416666667
7478983,3058.1312499999995
7487656,3150.8104166666662
7480492,1796.49375
7508500,2980.7520833333333
7459810,5363.833333333335
7467100,2564.94375
7454050,3287.9708333333338
7476661,5059.54375
7511659,5075.608333333334
7492324,5182.414583333333
7492051,3264.8624999999997
7504225,3332.689583333333
7446370,4586.510416666667
7431325,5079.389583333333
7483915,2419.05625
7516801,3073.1875
7506817,4454.681250000001
7495882,2591.64375
7523446,2186.775
7455199,11329.591666666667
7431109,2726.604166666667
7479763,1783.525
7472797,14175.14375
7431010,3926.216666666667
7497763,3734.843750000001
7457461,4322.985416666667
7459180,2503.452083333333
7503736,1834.0041666666668
7495678,3615.7750000000005
7430914,6578.1
7469179,4355.04375
7514440,2187.989583333333
7469650,2430.272916666667
7444693,3989.6395833333327
7435288,2340.6000000000004
7482289,2939.0104166666665
7513249,3499.7270833333337
7445764,2159.6500000000005
7429171,2157.604166666667
7464781,1825.2250000000004
7456897,1948.1125
7491571,2035.7083333333333
7462882,2340.0916666666662
7470166,2200.3083333333334
7459471,2454.066666666667
7454098,3646.2541666666666
7431403,2865.7479166666667
7468186,3037.864583333333
7488499,3092.8333333333335
7478905,1871.7187499999995
7522981,2012.7875
7446295,1551.1291666666668
7471000,1645.9958333333332
7440298,5142.4875
7522603,4582.352083333333
7454311,6038.762500000001
7449037,4307.133333333333
7487077,2015.5
7458523,2923.372916666667
7468510,3376.9291666666672
7430947,4344.443749999999
7507831,4566.793750000001
7444531,3971.33125
7496827,3219.329166666667
7525651,9274.08125
7523746,2738.9645833333334
7459813,6035.562499999999
7482808,2389.3250000000003
7463449,2628.75
7456798,3249.741666666666
7499578,3938.8708333333334
7468504,2872.9979166666662
7447861,3966.43125
7443784,6155.958333333334
7481617,2064.325
7486642,3072.358333333333
7521283,2492.1445833333337
7445491,1735.5625
7490359,3041.8062499999996
7487743,3442.5166666666664
7491760,2369.2083333333335
7484698,2734.233333333333
7482751,4769.620833333333
7490986,4693.254166666667
7516144,3328.53125
7442653,1596.6395833333336
7513795,2799.6875
7512220,5684.45
7480885,4735.887500000001
7520416,2919.6458333333335
7496842,1802.075
7525303,1658.9270833333335
7497046,2196.4166666666665
7477873,9664.3
7478152,1891.9333333333332
7431352,6669.1729166666655
7430161,6190.0
7474105,2758.6083333333336
7455244,3413.2791666666662
7506940,2644.846666666666
7517206,4811.975
7438369,2794.05
7434460,2338.0270833333334
7457731,2612.541666666667
7512244,1617.4916666666668
7449577,2059.66875
7484179,2689.691666666667
7490287,5660.404166666667
7498318,4220.447916666666
7447273,3211.864583333333
7514875,4185.4645833333325
7513354,2156.7895833333337
7430755,4532.016666666666
7469404,2418.114583333334
7449769,3151.39375
7508752,2053.79375
7467925,2601.7912499999998
7488676,1627.1479166666666
7516750,6086.8
7434943,3400.3562500000007
7523395,4822.216666666666
7473832,3409.6270833333338
7475215,4113.733333333333
7467760,4835.56875
7510654,1616.3562500000003
7482541,2640.75
7503910,3829.3499999999995
7468489,1902.5083333333328
7513363,3489.010416666667
7476547,2781.8479166666666
7435861,3836.499999999999
7441888,3650.145833333333
7505557,2585.4020833333334
7485466,3007.6791666666663
7446436,7489.254166666666
7476409,2695.0979166666666
7449772,3173.0020833333333
7493380,2095.5583333333334
7465429,4978.741666666667
7523785,2098.5833333333335
7428544,2046.4375
7503109,1854.3354166666668
7469737,2460.3395833333334
7472482,3490.2958333333336
7487980,4676.0687499999985
7439632,3224.7125
7510138,2534.75
7497070,1564.5229166666668
7525984,4300.7
7464283,3460.4854166666664
7511611,4772.2145833333325
7513777,3663.36875
7435444,1888.3875
7506094,2474.04375
7500067,2992.983333333333
7524025,3953.8083333333334
7499116,2106.84375
7467673,3732.0125
7456753,2098.6770833333335
7470784,4042.2979166666664
7466062,2359.0312500000005
7431745,2510.5488095238097
7452688,6735.9000000000015
7492570,1784.8083333333336
7466695,2201.7089285714287
7464145,2441.1062500000003
7476262,2601.5458333333336
7437577,3084.9999999999995
7452685,2276.875
7488148,3448.9833333333327
7448164,2354.4687500000005
7514221,1601.7673611111109
7467985,1856.5416666666665
7477138,2062.0624999999995
7489663,2027.04375
7434895,2575.0854166666663
7438774,2752.5041666666666
7475194,3223.0541666666672
7474771,3432.7041666666664
7465483,1720.8166666666668
7518538,10591.09375
7521247,2524.2666666666664
7474300,3518.7041666666673
7439131,2849.0395833333337
7513294,3125.9249999999993
7522654,1512.5895833333332
7461748,3138.4958333333334
7481863,2467.495833333334
7451827,5390.312499999999
7505320,3427.31875
7434295,2281.4062500000005
7507966,2598.3062499999996
7485607,2535.88125
7455466,3300.502083333333
7483624,3572.4875
7515949,1580.0916666666667
7494055,2717.8312499999997
7459183,2176.15
7510525,2563.0583333333334
7524202,3449.7625
7512346,3809.8375
7439599,2982.666666666667
7481245,3905.9208333333345
7463218,7595.310416666667
7483912,3622.0125
7442938,2599.0312499999995
7515106,2514.3083333333334
7465087,2572.3833333333337
7448440,4223.708333333334
7497847,6269.239583333334
7525471,2720.4208333333336
7470838,3698.0833333333335
7489264,2284.79375
7505842,1671.6770833333335
7506820,4454.681250000001
7481614,3574.4916666666672
7489969,3693.5604166666662
7438771,4964.366666666667
7452907,5068.139583333333
7459573,3233.8604166666664
7445221,5840.470833333334
7487920,2377.875
7511416,2337.9312500000005
7509133,2208.1249999999995
7456822,3200.6708333333336
7442716,3587.95
7503742,2674.491666666667
7477858,2377.2604166666665
7520311,15359.477083333328
7451284,19881.420833333337
7513471,2555.9
7436845,2348.3458333333333
7501645,2002.6229166666667
7500712,3671.7229166666666
7506661,5016.745833333333
7490671,3893.05625
7519519,3100.61875
7435630,4142.077083333334
7467490,3217.4770833333328
7522810,2991.664583333333
7487197,3069.85
7436827,2616.185416666667
7503868,4851.485416666666
7434769,5296.570833333333
7465216,5776.668750000002
7476214,3323.270833333333
7482364,1889.3104166666667
7511794,2944.8020833333335
7461790,2726.6979166666665
7509712,2837.294166666667
7524556,3033.0375
7477276,2588.5958333333338
7480111,13282.764583333332
7506979,3290.7916666666665
7489540,2362.2041666666664
7460761,1487.0312499999995
7497799,3841.385416666667
7519357,2535.1520833333334
7446781,2324.1833333333325
7521931,5732.087500000001
7442446,3049.775
7526017,24428.497916666667
7526227,2570.7125000000005
7500271,2256.8270833333327
7442980,1812.6875
7454191,3750.6083333333327
7500406,2498.3125
7514719,8186.216666666665
7471570,2169.6541666666662
7430383,2264.4999999999995
7431529,2228.3499999999995
7475266,5095.910416666667
7517662,2522.791666666667
7435708,9038.795833333334
7477525,1747.8229166666667
7465363,2750.864583333333
7483630,1556.4979166666667
7515253,2498.4187500000007
7519042,3126.8062500000005
7439539,4367.710416666667
7517521,2434.44375
7479586,3577.9604166666663
7473133,3229.9104166666666
7431163,3456.2666666666673
7449949,3374.61875
7472311,3850.4729166666666
7525873,3359.975
7440148,1834.05
7467727,2233.3916666666664
7494973,8545.760416666668
7466899,4583.20625
7484836,1992.23125
7456006,1811.075
7499083,2188.4708333333338
7490173,1930.81875
7492489,2333.61875
7481455,2056.170833333333
7498921,1746.2875
7433692,1864.5895833333336
7438462,2199.9249999999997
7523335,3590.8333333333335
7429408,1927.3416666666667
7429876,2257.5020833333338
7446196,2988.5562499999996
7518211,2295.332142857143
7459498,6722.30625
7472785,2094.5000000000005
7482649,2723.8125
7491529,2639.7312500000007
7462873,2222.96875
7452418,1872.3020833333333
7449538,2592.64375
7518319,2775.6104166666664
7487644,7365.497916666667
7444405,3901.2312499999994
7508197,3226.775
7484155,2570.2854166666666
7509571,2597.6375000000003
7521991,7055.133333333333
7435540,6622.697916666666
7436296,4215.664583333333
7459036,1684.4104166666668
7443361,2331.444444444443
7430575,2858.2291666666665
7434400,3516.466666666667
7447624,3931.810416666667
7451248,2657.4354166666662
7482433,4002.1083333333336
7521343,4174.279166666667
7478296,3153.44375
7495978,3257.522916666666
7430536,1518.2500000000002
7493455,2564.5645833333338
7431904,6336.618750000001
7511623,4953.685416666667
7451521,3987.881250000001
7455463,2790.4541666666673
7452544,5901.268750000001
7469263,3930.7604166666665
7489939,2376.133333333333
7506172,2615.79125
7484968,2374.302083333333
7449715,2715.8979166666663
7454941,2799.36875
7493239,1941.13125
7446928,1766.59375
7515127,1758.5125
7431142,1849.6125
7448002,5291.997916666667
7468069,1544.1458333333333
7452475,3163.3479166666666
7497559,2017.5625
7504873,1749.5
7488616,3322.13125
7482538,3187.0000000000005
7509217,2735.9208333333327
7516060,2007.8645833333333
7471909,7115.991666666667
7456489,2517.9333333333334
7441237,2800.60625
7517401,2892.5625
7468657,4213.008333333333
7433497,2461.1208333333334
7483792,5169.810416666666
7508839,3268.7770833333334
7458001,3662.5895833333334
7505812,2457.4875
7491070,4525.304166666667
7431439,1465.04375
7440301,3453.662500000001
7511746,2655.977083333333
7508611,2711.43125
7484074,1898.5520833333333
7485949,2545.0062499999995
7526029,2161.3395833333334
7481713,4030.810416666667
7488730,2274.1020833333337
7449262,5242.714583333333
7490971,2248.5
7472710,3196.4729166666666
7508149,2194.322916666667
7443700,1959.9937499999996
7489975,24034.370833333334
7480816,1593.8791666666662
7449502,2473.9166666666665
7461181,5442.452083333333
7525393,2948.416666666666
7434487,4701.299999999999
7436740,2556.4824404761903
7431502,1990.5166666666669
7435336,2272.95
7467007,2378.3333333333326
7443589,3157.7749999999996
7483921,2607.0916666666667
7502539,2391.5520833333335
7492675,3175.9166666666665
7454830,1887.3625
7452034,1578.7333333333336
7463671,1743.3083333333332
7477774,2023.05625
7464820,3284.2020833333327
7469320,2688.9270833333335
7449736,3945.23125
7433278,2851.2354166666664
7458253,2363.437499999999
7505065,6062.904166666665
7507093,2793.5
7519990,2525.172916666667
7434247,3378.760416666667
7436188,3318.925
7448062,1958.9791666666665
7494886,3205.4729166666666
7490647,3925.631250000001
7468009,6830.989583333334
7454500,3285.6458333333344
7488247,4874.231249999999
7465465,4604.7458333333325
7437976,2296.072916666667
7437037,1996.9979166666667
7446838,1967.6791666666668
7498537,3540.9500000000007
7493830,4022.7104166666663
7514377,3078.664583333334
7522840,3349.00625
7495012,4612.914583333333
7448365,2374.8625
7463026,2276.875
7481914,4798.985416666667
7432321,2638.6229166666667
7477588,4941.427083333333
7437202,12640.970833333335
7508551,3226.3375000000005
7440619,2843.25625
7434040,2265.989583333333
7508728,2362.2874999999995
7467958,1832.41875
7433689,2724.9416666666666
7439419,2547.7125000000005
7495141,3045.139583333333
7446475,3124.9020833333334
7485109,2302.0458333333336
7453459,2070.033333333333
7461274,4230.008333333333
7499473,3401.64375
7481797,3102.641666666667
7450597,3434.539583333334
7498657,9582.679166666667
7485763,2355.0833333333335
7524034,7840.1875
7490692,2014.7083333333333
7453003,4296.364583333334
7470469,1855.8437500000005
7520332,2155.5
7522324,1744.2708333333333
7496092,6042.083333333333
7474048,2761.41875
7503070,2163.2875
7489270,2800.8041666666663
7509064,2631.9375
7483708,2657.6979166666665
7474189,3724.29375
7498138,2036.6416666666664
7515859,4285.4125
7484998,4420.195833333333
7514293,2181.5333333333333
7491829,9155.014583333334
7502305,4434.168750000001
7518412,2356.45
7447762,3809.73125
7521163,1750.5333333333333
7457857,2394.800000000002
7469341,3222.2812500000005
7524160,2362.25
7485376,3196.0999999999995
7454284,3384.197916666667
7516126,2053.6979166666665
7458013,2069.395833333334
7518178,3015.364583333334
7490119,10905.80625
7468018,7047.347916666666
7453897,2951.072916666667
7446232,4079.245833333333
7508329,1740.1166666666663
7458697,2962.0
7476016,2539.9979166666662
7505419,1529.0979166666666
7504747,1861.2958333333336
7430893,7000.722916666666
7506253,2454.3083333333334
7517908,2530.320833333333
7501657,3028.16875
7466245,2727.1854166666667
7489315,6817.00625
7490443,2893.39375
7497805,3499.16875
7441006,1683.79375
7504726,3388.30625
7508323,3396.48125
7516795,5025.395833333333
7480861,3383.3229166666665
7450747,4109.829166666667
7457176,2219.0333333333338
7516396,3984.2958333333336
7507573,5276.00625
7433860,3043.5375000000004
7436524,6509.76875
7523218,9764.727083333335
7503373,2182.052083333334
7437163,2424.0625000000005
7449739,2766.0270833333334
7486345,1639.65
7480246,2456.13125
7479829,4202.885416666667
7507189,2325.8437500000005
7437499,2239.166666666667
7460740,2385.7645833333327
7515685,3129.760416666667
7482985,2697.8791666666666
7465408,2978.208333333333
7430722,1926.9354166666665
7490434,3644.2
7508902,1485.6708333333331
7444582,2172.3833333333337
7471285,3509.7916666666665
7459423,5374.783333333334
7494085,3264.1333333333337
7521055,3599.9895833333335
7490920,4420.864583333333
7488130,7985.6
7492573,3361.9125
7449664,5526.34375
7433848,5150.195833333333
7447855,4354.779166666666
7523317,2551.4979166666667
7446292,1551.1291666666668
7524538,2454.5354166666666
7446994,4318.852083333333
7489756,2049.960416666666
7452937,9236.791666666668
7477396,3351.15
7505776,4269.343749999999
7432384,2106.9333333333334
7482253,2847.9020833333334
7466212,5187.591666666665
7508227,2764.139583333333
7503178,2856.9729166666666
7504813,2043.6229166666667
7516942,3494.2291666666665
7495711,2331.229166666667
7465237,5169.13125
7432783,3204.6354166666665
7442584,2757.3645833333335
7456132,5754.485416666666
7491214,2428.5833333333335
7441603,2282.8187499999995
7497736,2871.1541666666667
7454623,3692.1666666666665
7509088,2573.360416666667
7448482,7446.90625
7503208,10936.862500000001
7444165,2700.0
7471624,2798.275
7522570,6775.875
7491556,2100.329166666667
7488070,2362.9645833333334
7436179,4289.55
7451584,2815.054166666667
7477009,4428.9104166666675
7508563,6368.5
7483669,2684.041666666667
7492837,1887.3625
7462426,1687.7395833333335
7485082,2569.4999999999995
7509790,2878.01875
7431031,2399.2291666666665
7492345,2428.085416666667
7454107,6428.964583333333
7478857,4133.352083333333
7506640,3926.041666666667
7504849,1717.0187500000004
7487050,1537.3395833333332
7452199,2618.079166666667
7440166,8875.79375
7432810,2518.395833333333
7472818,2367.4604166666663
7492552,2708.625
7456408,2960.6958333333337
7440865,2151.48125
7442659,4048.197916666667
7435975,3033.364583333333
7457128,3145.4645833333334
7482250,2434.3354166666672
7500328,2769.0
7440262,6353.539583333332
7461130,3512.18125
7430806,3306.385416666667
7492159,2901.954166666667
7436140,4284.84375
7480918,2103.7395833333335
7508749,2053.79375
7504651,4679.854166666666
7491190,2570.7125000000005
7525249,2015.5
7442839,2848.19375
7516561,2938.89375
7469557,2292.25
7496038,4741.229166666667
7526026,2161.3395833333334
7491520,3171.614583333333
7451614,3383.7104166666663
7459657,6378.6395833333345
7433395,2466.8125
7454104,5464.872916666667
7523749,1911.7333333333331
7466050,1556.4979166666667
7442167,5446.8375
7431097,2026.5833333333335
7523533,3350.072916666667
7468174,1811.5333333333333
7476607,3487.062499999999
7498141,2592.3875000000003
7440079,2383.7833333333333
7454971,1732.225
7491964,2948.2458333333334
7489210,2569.4999999999995
7471423,6038.762500000001
7446445,2753.13125
7466437,3122.4854166666664
7469446,3100.61875
7472539,2873.562499999999
7489636,1763.1041666666667
7436953,3020.41875
7462984,2796.7833333333338
7469494,2962.2625
7509940,1916.0520833333333
7505251,1883.6249999999995
7455964,1782.65625
7475440,4413.6375
7457350,10242.529166666667
7436218,2534.5354166666666
7523467,2219.88125
7428844,4625.695833333333
7463632,1894.0625000000005
7445488,2367.135416666667
7437646,2231.229166666667
7446163,38313.06250000001
7452166,4375.666666666666
7523221,9865.122916666667
7454029,3119.11875
7505278,2690.5916666666667
7474099,5902.147916666667
7460383,2944.7854166666666
7525030,3462.5
7472509,7445.179166666667
7476958,1707.1458333333333
7468699,1905.6833333333332
7460746,1861.2958333333336
7518055,3573.9291666666663
7484161,2850.8375
7493467,3303.6895833333338
7501597,3709.314583333333
7472062,2641.275
7454905,3481.8937500000006
7458187,4403.002083333334
7514581,1878.9958333333332
7453900,2996.7354166666664
7514929,2417.0958333333338
7488637,6940.785416666666
7497526,2372.5979166666666
7469866,2576.95625
7524247,2526.864583333333
7510126,8949.304166666667
7468576,2103.8145833333333
7481887,4996.1291666666675
7449844,3451.34375
7500823,2274.885416666667
7499077,2888.4104166666666
7470445,2072.889583333333
7508377,2185.9479166666665
7503613,3731.075
7524172,3685.4958333333343
7447291,3264.5270833333334
7441978,2811.3375
7501771,2265.989583333333
7485010,10268.039583333333
7457512,1856.5625
7453360,1497.6249999999998
7441348,6202.61875
7497184,2324.5
7487035,2385.7645833333327
7463245,3271.477083333333
7452193,3452.225
7438753,2008.8520833333337
7431475,3083.566666666667
7481764,1973.1166666666668
7437847,2825.1645833333328
7466821,2178.5520833333335
7489267,2678.3625
7463329,2879.1645833333337
7503115,3536.04375
7497019,3783.2666666666673
7493002,2175.2708333333335
7443706,2333.0791666666664
7494271,3407.5125
7437712,2666.4854166666673
7487143,2313.35625
7448224,2989.7083333333335
7449832,5046.135416666666
7463416,2190.4479166666665
7487776,2544.9583333333335
7468792,2257.4833333333336
7494199,2872.416666666667
7495126,6521.333333333334
7464235,1607.4854166666669
7448470,2868.8520833333337
7490527,2255.625
7478488,2888.4104166666666
7525504,1914.34375
7448554,1425.9604166666666
7499347,2785.1520833333334
7450867,3484.3958333333335
7470181,2595.76875
7441519,11604.829166666666
7498396,3115.9791666666665
7516558,34810.73958333333
7460104,2854.4166666666665
7500889,2366.7979166666673
7495579,4056.6291666666666
7482472,3574.2083333333335
7495174,3243.3729166666667
7503853,2406.2895833333337
7468912,7385.325000000002
7516039,1975.1624999999997
7482397,2602.975
7495543,2639.445833333333
7450870,4822.2125
7451914,3593.1479166666672
7495486,1943.0750000000003
7518475,3336.8041666666663
7503757,2070.9375
7512511,2568.958333333333
7466734,2018.691666666667
7503250,2224.1375
7453153,3985.064583333333
7500199,4235.510416666667
7474471,1717.0187500000004
7430959,8575.920833333334
7463500,2573.16875
7474297,5225.249999999999
7498321,4220.447916666666
7476460,3282.508333333335
7432105,3147.45
7517425,2239.033333333333
7524307,2674.666666666667
7445776,1673.8916666666664
7454386,7366.3125
7491460,1935.50625
7453483,3219.63125
7518838,3708.589583333333
7523659,2883.4708333333338
7461370,4180.322916666667
7456471,2275.983333333333
7525963,5642.485416666668
7503079,2717.0458333333336
7441291,2775.5979166666666
7448179,1990.4125
7493686,2426.4458333333337
7499827,1707.3791666666668
7505092,2535.8875
7436116,3841.385416666667
7487260,2128.0000000000005
7498936,2559.4854166666664
7461175,3398.44375
7517689,3044.9020833333334
7443973,2449.739583333333
7449622,2104.0625
7479568,2565.0729166666665
7450504,2429.052083333333
7431697,2658.1708333333336
7476478,4585.43125
7454929,1626.8583333333333
7483219,2679.3708333333334
7474993,3132.2916666666665
7454722,2078.18125
7493689,3750.3645833333335
7488829,2494.5020833333338
7443046,3201.364583333333
7525591,2787.4645833333334
7444123,3294.7375
7458052,2669.860416666667
7433866,2366.666666666667
7517149,1519.2
7453678,2471.3291666666664
7440292,11167.83125
7495216,4783.0125
7430887,6832.83125
7429816,3276.3875
7470055,2834.520833333333
7445572,3291.5625000000014
7511560,3639.6645833333328
7435423,1699.5104166666665
7429180,4248.885416666667
7495264,6064.395833333334
7469086,2511.4624999999996
7513813,2601.835416666667
7493014,2886.0625
7467061,3679.7520833333338
7510135,1978.0645833333333
7439830,2423.2625000000003
7505041,2176.225
7482367,1932.3937500000004
7474042,3298.3208333333328
7453120,2424.789583333333
7469299,1687.25
7445683,3156.5562500000005
7433998,2467.0625000000005
7442350,1922.4479166666667
7487272,4213.5354166666675
7445338,1985.8645833333333
7488982,2640.75
7434265,1858.69375
7473706,3595.5229166666672
7514155,2145.9729166666666
7510333,2604.96875
7486096,2328.6291666666666
7498756,2912.715625
7469701,2896.6895833333338
7445779,3512.1083333333327
7447246,3409.345833333333
7502620,3489.010416666667
7434937,3381.48125
7505197,3782.8604166666664
7453441,1750.0
7513009,1818.2666666666664
7512805,2221.0
7517587,1673.425
7439968,3285.7416666666663
7476025,5019.552083333334
7451410,2514.6125
7493779,2773.0229166666663
7474525,2343.4062500000005
7507738,2319.175
7443274,1713.5604166666672
